<?xml  version="1.0" encoding="ISO-8859-1" standalone="no"?>
<delegates>
   <enuminput propertyname="CullingMode" values="NoAutoNearFarCulling|BoundingVolumeNearFarCulling|PrimitiveNearFarCulling" />
   <colorinput propertyname="ClearColor" />
   <translations>
		<translation language="de_DE">
			<componentname>Kamera</componentname>
			
			<property name="CullingMode">Culling Modus</property>
			<description name="CullingMode">Der Algorithmus der festlegt, welche Szenenteile dargestellt werden</description>
			<description name="AspectRatio">Ratio zwischen Breite und H�he des Fensters</description>
			<description name="ClearColor">Hintergrundfarbe f�r unbedeckte Bildteile</description>

			
		</translation>
   </translations>
</delegates>   
